{
  "weights": {
    "Poisson": 0.24074074074074073,
    "Elo": 0.5185185185185185,
    "DC": 0.24074074074074073
  },
  "overall_accuracy": {
    "Poisson": 0.06467661691542288,
    "Elo": 0.13930348258706468,
    "DC": 0.06467661691542288
  },
  "goal_max": 6,
  "seasons_used": [
    "2023/24",
    "2024/25"
  ],
  "best_model": "Elo"
}